用户名,粉丝数量,视频描述,视频id,发表时间,视频时长,点赞数量,收藏数量,评论数量,分享数量,下载数量
聚鑫穿搭优选,20300,《哪吒2》定档8月2日全网上线.你准备再重刷一遍吗？#哪吒2#国产动漫 #国漫 #哪吒之魔童闹海#电影,7559862588537670927,2025.10.11,02:16,2,0,0,0,0
万叶衣橱,4751,《哪吒2》定档8月2日全网上线.你准备再重刷一遍吗？#哪吒2#国产动漫 #国漫 #哪吒之魔童闹海#电影,7559653280743722298,2025.10.11,15:04,0,0,0,0,0
沸羊羊你真粗鲁,160,#哪吒2魔童闹海彩蛋片尾,7559561362259643705,2025.10.10,00:00,32,0,13,1,0
草莓碎冰星河 🍓,5738,"哪吒2超燃背景音乐，超喜欢少年携手！
#哪吒之魔童闹海 #哪吒之魔童降世 #国漫 #哪吒重生 #哪吒",7559879849146862888,2025.10.11,02:19,2,1,0,0,0
聚鑫穿搭优选,20300,《哪吒2》定档8月2日全网上线.你准备再重刷一遍吗？#哪吒2#国产动漫 #国漫 #哪吒之魔童闹海#电影,7559858682473909544,2025.10.11,07:22,3,0,0,0,0
暖丰😊优选,10551,《哪吒2》定档8月2日全网上线.你准备再重刷一遍吗？#哪吒2#国产动漫 #国漫 #哪吒之魔童闹海#电影,7559713479368871202,2025.10.11,10:32,4,3,0,2,0
Kris,4338,简简单单#lifestylevision #ootd穿搭 #今天穿什么 #哪吒2感人催泪视频,7559939933021211914,2025.10.11,00:00,118,4,5,2,0
聚鑫穿搭优选,20300,《哪吒2》定档8月2日全网上线.你准备再重刷一遍吗？#哪吒2#国产动漫 #国漫 #哪吒之魔童闹海#电影,7559856291849342242,2025.10.11,03:04,4,0,0,0,0
聰聰家精选,6686,《哪吒2》定档8月2日全网上线.你准备再重刷一遍吗？#哪吒2#国产动漫 #国漫 #哪吒之魔童闹海#电影,7559861234276928803,2025.10.11,10:20,2,0,0,0,0
錦川。,105,下海了请多多关照。#罗小黑战记#罗小黑战记2#罗小黑哪吒#罗吒,7559617263180107054,2025.10.10,00:00,37,5,5,1,0
聰聰家精选,6686,《哪吒2》定档8月2日全网上线.你准备再重刷一遍吗？#哪吒2#国产动漫 #国漫 #哪吒之魔童闹海#电影,7559502782879108387,2025.10.10,10:35,12,3,0,2,0
磊亿优选,17363,《哪吒2》定档8月2日全网上线.你准备再重刷一遍吗？#哪吒2#国产动漫 #国漫 #哪吒之魔童闹海#电影,7559291366963727625,2025.10.10,11:01,3,0,0,0,0
聰聰家精选,6686,《哪吒2》定档8月2日全网上线.你准备再重刷一遍吗？#哪吒2#国产动漫 #国漫 #哪吒之魔童闹海#电影,7559410993844735247,2025.10.10,10:21,3,0,0,0,0
聚鑫穿搭优选,20300,《哪吒2》定档8月2日全网上线.你准备再重刷一遍吗？#哪吒2#国产动漫 #国漫 #哪吒之魔童闹海#电影,7559418562595769652,2025.10.10,08:15,4,0,0,0,0
聚鑫穿搭优选,20300,《哪吒2》定档8月2日全网上线.你准备再重刷一遍吗？#哪吒2#国产动漫 #国漫 #哪吒之魔童闹海#电影,7559587655081135395,2025.10.10,05:10,2,0,0,0,0
三哥ev新能源二手车,46869,没错，又是哪吒，三哥做不腻！ #哪吒S 2台，中版+大版，反正有人问有人买！#三哥ev新能源二手车,7559909538879556864,2025.10.11,01:16,3,2,0,0,0
听完这首歌,345,为了兄弟我可以两肋插刀 为了女人我可以插兄弟两刀#哪吒2联名款,7559481344831016249,2025.10.10,00:00,37,0,0,0,0
聰聰家精选,6686,《哪吒2》定档8月2日全网上线.你准备再重刷一遍吗？#哪吒2#国产动漫 #国漫 #哪吒之魔童闹海#电影,7559771973581819136,2025.10.11,10:23,6,0,0,2,0
ᥫᩣ 拉拉雨•RaraRain,1825,《哪吒2》定档8月2日全网上线.你准备再重刷一遍吗？#哪吒2#国产动漫 #国漫 #哪吒之魔童闹海#电影,7559716242581818639,2025.10.11,10:13,1,0,0,0,0
水晶鲜奶冻,404,和哪吒一起“闹海”！我命由我不由天  #哪吒之魔童降世 #哪吒2之魔童闹海 #哪吒 #魔童降世 #国漫之光,7559549633102826811,2025.10.10,00:00,50,4,8,0,0
H动漫之家,1745,还吃，收你们来了！(哪吒救唐唠鸭)#呆话西游#哪吒2#哪吒之魔童闹海#哪吒番外篇,7559766945559760128,2025.10.11,02:00,1,0,0,0,0
旺嘉好物百货,4212,《哪吒2》定档8月2日全网上线.你准备再重刷一遍吗？#哪吒2#国产动漫 #国漫 #哪吒之魔童闹海#电影,7559434174151740699,2025.10.10,10:05,4,0,0,0,0
大侠,238,#哪吒2出海算得上成功吗,7559296559873461563,2025.10.10,00:00,38,0,3,3,0
小羊优选,4247,《哪吒2》定档8月2日全网上线.你准备再重刷一遍吗？#哪吒2#国产动漫 #国漫 #哪吒之魔童闹海#电影,7559544919572942130,2025.10.10,10:07,2,0,1,0,0
小羊优选,4247,《哪吒2》定档8月2日全网上线.你准备再重刷一遍吗？#哪吒2#国产动漫 #国漫 #哪吒之魔童闹海#电影,7559592335866350886,2025.10.10,10:21,1,0,2,0,0
小墨影视基地,42048,日语版哪吒2：魔童闹海。这配音听上去居然毫无违和感。 #创作者扶持计划 #强烈推荐 #精彩片段 #国产动画 ,7558926799431716135,2025.10.11,01:26,4,0,2,0,0
暖丰😊优选,10551,《哪吒2》定档8月2日全网上线.你准备再重刷一遍吗？#哪吒2#国产动漫 #国漫 #哪吒之魔童闹海#电影,7559447940743630115,2025.10.10,10:16,2,2,0,0,0
萌哒精选,9222,《哪吒2》定档8月2日全网上线.你准备再重刷一遍吗？#哪吒2#国产动漫 #国漫 #哪吒之魔童闹海#电影,7559501329497672994,2025.10.10,10:10,3,0,0,0,0
暖丰😊优选,10551,《哪吒2》定档8月2日全网上线.你准备再重刷一遍吗？#哪吒2#国产动漫 #国漫 #哪吒之魔童闹海#电影,7559464249640193295,2025.10.10,10:57,2,0,0,0,0
小羊优选,4247,《哪吒2》定档8月2日全网上线.你准备再重刷一遍吗？#哪吒2#国产动漫 #国漫 #哪吒之魔童闹海#电影,7559412035801664806,2025.10.10,10:04,5,0,0,0,0
暖丰😊优选,10551,《哪吒2》定档8月2日全网上线.你准备再重刷一遍吗？#哪吒2#国产动漫 #国漫 #哪吒之魔童闹海#电影,7559449298980179252,2025.10.10,10:52,13,0,0,1,0
祥和鸟家居,12201,《哪吒2》定档8月2日全网上线.你准备再重刷一遍吗？#哪吒2#国产动漫 #国漫 #哪吒之魔童闹海#电影,7559641653830946108,2025.10.11,10:09,2,0,0,0,0
っ ̯ -｡,831,α 这是阿尔法， β 这是贝塔， γ 这是伽玛，δ 这是德尔塔， ε 这是我亲宝宝的嘴   #哪吒三预告片 #蚊子视角 #热门短剧新番 #哪吒2票房破百亿 #二次元大结局,7559062419226545462,2025.10.09,00:00,30,0,7,5,0
瑶尾巴੭ﾞ,1146,嗯#哪吒2在新加坡全面上映,7559137279701208355,2025.10.09,00:00,89,0,9,1,0
万叶衣橱,4751,《哪吒2》定档8月2日全网上线.你准备再重刷一遍吗？#哪吒2#国产动漫 #国漫 #哪吒之魔童闹海#电影,7559289075925519625,2025.10.10,11:03,4,0,0,1,0
萌哒精选,9222,《哪吒2》定档8月2日全网上线.你准备再重刷一遍吗？#哪吒2#国产动漫 #国漫 #哪吒之魔童闹海#电影,7559455645524086031,2025.10.10,10:43,2,0,0,0,0
giant,157,真有意思#哪吒2#灵珠魔丸,7559909427475991868,2025.10.11,00:27,21,1,4,0,0
长园外,17944,#哪吒2#古装,7559754485381647651,2025.10.11,00:18,86,54,29,4,0
孔姐,393,#哪吒 #哪吒2,7559867871112596762,2025.10.11,00:16,463,287,91,18,0
万叶衣橱,4751,《哪吒2》定档8月2日全网上线.你准备再重刷一遍吗？#哪吒2#国产动漫 #国漫 #哪吒之魔童闹海#电影,7559419166861085978,2025.10.10,11:56,1,1,0,0,0
Minssf,133,#哪吒2百科,7559222726255775002,2025.10.09,00:00,23,0,5,0,0
壹間·优选,2611,《哪吒2》定档8月2日全网上线.你准备再重刷一遍吗？#哪吒2#国产动漫 #国漫 #哪吒之魔童闹海#电影,7559408948286229769,2025.10.10,10:16,4,0,3,0,0
星空凛的拉面,221,对。#哪吒2票房 #鬓角胡子是怎么长出来的 #回忆杀 #种植小技巧  #宅男,7559981409441385780,2025.10.11,00:00,6,0,2,0,0
暖丰😊优选,10551,《哪吒2》定档8月2日全网上线.你准备再重刷一遍吗？#哪吒2#国产动漫 #国漫 #哪吒之魔童闹海#电影,7559256840035601698,2025.10.10,10:29,9,2,0,0,0
小羊优选,4247,《哪吒2》定档8月2日全网上线.你准备再重刷一遍吗？#哪吒2#国产动漫 #国漫 #哪吒之魔童闹海#电影,7559242548667075850,2025.10.09,10:06,3,0,0,0,0
71an（见过李荣浩版,345,瞳孔与心跳的距离 在与你对视的时候清零#迪迦奥特曼催泪片段 #九亿少女的梦 #敖丙哪吒2,7559812649359052089,2025.10.11,00:00,86,0,9,0,0
我不要吃萝卜丁,2371,又在说这种谁离不开谁的话了 其实大家决定分开的时候脚步都很轻盈#水瓶 #哪吒2美国热映观众评价太棒了,7559628718948977978,2025.10.11,00:00,131,1,5,1,0
壹間·优选,2611,《哪吒2》定档8月2日全网上线.你准备再重刷一遍吗？#哪吒2#国产动漫 #国漫 #哪吒之魔童闹海#电影,7559337477393304858,2025.10.10,10:09,3,0,1,0,0
旺妞美品～～,3102,《哪吒2》定档8月2日全网上线.你准备再重刷一遍吗？#哪吒2#国产动漫 #国漫 #哪吒之魔童闹海#电影,7559452501814168866,2025.10.10,10:28,4,0,0,0,0
邑姜还是子娴,2195,#哪吒 #哪吒闹海 #哪吒重生 #哪吒三太子 #哪吒2之魔童闹海,7559923103829396736,2025.10.11,04:41,35,6,48,0,0
iron海濑,43232,一只秋日小丙下工给大家打招呼中🍂。好久没画小丙了#敖丙 #哪吒2 #同人图,7559939445942144297,2025.10.11,00:00,283,16,6,17,0
.無末,3096,520倍看#哪吒2 #国漫,7549791357377334538,2025.09.14,00:23,138320,15708,5781,69404,1228
软宝.,159931,谁给朱播来个跑车👾👾#哪吒2美国热映观众评价太棒了 #哪吒闹海 #男变女,7559617997452725562,2025.10.10,00:12,586,54,12,11,0
暖丰😊优选,10551,《哪吒2》定档8月2日全网上线.你准备再重刷一遍吗？#哪吒2#国产动漫 #国漫 #哪吒之魔童闹海#电影,7559516982565047610,2025.10.10,10:24,14,3,1,1,0
二二拆卡·,2109,灵验3图鉴来喽！！出乎意料的大藕黑金！#哪吒 #灵验3 #拆卡,7559926101025623348,2025.10.11,00:00,7,1,1,0,0
聚鑫穿搭优选,20300,《哪吒2》定档8月2日全网上线.你准备再重刷一遍吗？#哪吒2#国产动漫 #国漫 #哪吒之魔童闹海#电影,7559349759854497058,2025.10.10,01:57,2,1,0,0,0
聚鑫穿搭优选,20300,《哪吒2》定档8月2日全网上线.你准备再重刷一遍吗？#哪吒2#国产动漫 #国漫 #哪吒之魔童闹海#电影,7559594748097416463,2025.10.10,01:57,3,0,0,0,0
听风说恋爱,187,‧˖⁺ 𓋼 ˵^•𖥦•^˵ 𓈒꙳⋆#迪迦奥特曼催泪片段 #敖丙哪吒2 #富樫勇太 #哈尔的移动城堡纯爱启蒙片 #不死鸟马尔科,7559810861942983936,2025.10.11,00:00,46,0,3,0,0
栗子树下,597,#哪吒敖丙 #小哪吒 #哪吒之魔童降世 #哪吒重生 #哪吒2,7559474363554467130,2025.10.10,02:08,49,32,8,0,0
旺妞美品～～,3102,《哪吒2》定档8月2日全网上线.你准备再重刷一遍吗？#哪吒2#国产动漫 #国漫 #哪吒之魔童闹海#电影,7559170137091198265,2025.10.09,10:17,9,0,0,0,0
暖丰😊优选,10551,《哪吒2》定档8月2日全网上线.你准备再重刷一遍吗？#哪吒2#国产动漫 #国漫 #哪吒之魔童闹海#电影,7559346220780129588,2025.10.10,10:15,5,2,0,1,0
暖丰😊优选,10551,《哪吒2》定档8月2日全网上线.你准备再重刷一遍吗？#哪吒2#国产动漫 #国漫 #哪吒之魔童闹海#电影,7559425657295719680,2025.10.10,10:18,3,0,0,0,0
萌哒精选,9222,《哪吒2》定档8月2日全网上线.你准备再重刷一遍吗？#哪吒2#国产动漫 #国漫 #哪吒之魔童闹海#电影,7559531448375463203,2025.10.10,10:15,3,1,0,0,0
茉莉奶绿,380,真的是三观很正的小龙啊#敖丙#哪吒2#片段,7559945226057256232,2025.10.11,00:18,81,7,3,2,0
萌哒精选,9222,《哪吒2》定档8月2日全网上线.你准备再重刷一遍吗？#哪吒2#国产动漫 #国漫 #哪吒之魔童闹海#电影,7559351371179822388,2025.10.10,10:51,10,2,0,0,0
小财月优选,3412,《哪吒2》定档8月2日全网上线.你准备再重刷一遍吗？#哪吒2#国产动漫 #国漫 #哪吒之魔童闹海#电影,7559353032178961716,2025.10.10,01:57,6,0,0,5,0
Goya,108,看了哪吒2才知道大圣的含金量还在上升#大圣归来 #哪吒2 #超燃混剪,7559711027252874556,2025.10.11,00:11,11,0,0,0,0
暖丰😊优选,10551,《哪吒2》定档8月2日全网上线.你准备再重刷一遍吗？#哪吒2#国产动漫 #国漫 #哪吒之魔童闹海#电影,7559450160381005090,2025.10.10,10:25,9,0,0,0,0
ᥫᦱᐝ柿柿🌻如意ཀོ࿐,3138,《哪吒2》定档8月2日全网上线.你准备再重刷一遍吗？#哪吒2#国产动漫 #国漫 #哪吒之魔童闹海#电影,7559253368130129209,2025.10.10,10:21,2,0,0,0,0
无敌大王,707,想我了就给我打电话 不用怕吵到我 我开了静音和免打扰#方便面番茄做法 #老凤祥黄金 #敖丙哪吒2 #迪迦奥特曼催泪片段 #眼睛大小不一样怎么改善,7559817744025554217,2025.10.11,00:00,102,2,9,0,0
饿了吃点苦,85,#古人真正穿的衣服 #哪吒2魔童闹海解说 #锁屏壁纸,7559973369275632937,2025.10.11,00:00,28,0,2,2,0
ᥫᩣ 拉拉雨•RaraRain,1825,《哪吒2》定档8月2日全网上线.你准备再重刷一遍吗？#哪吒2#国产动漫 #国漫 #哪吒之魔童闹海#电影,7559255449384619316,2025.10.10,10:56,4,1,1,0,0
H动漫之家,1745,还吃，收你们来了！(哪吒救唐唠鸭)#呆话西游#哪吒2#哪吒之魔童闹海#哪吒番外篇,7559766945559760128,2025.10.11,02:00,1,0,0,0,0
旺嘉好物百货,4212,《哪吒2》定档8月2日全网上线.你准备再重刷一遍吗？#哪吒2#国产动漫 #国漫 #哪吒之魔童闹海#电影,7559434174151740699,2025.10.10,10:05,4,0,0,0,0
小羊优选,4247,《哪吒2》定档8月2日全网上线.你准备再重刷一遍吗？#哪吒2#国产动漫 #国漫 #哪吒之魔童闹海#电影,7559613425740746011,2025.10.10,10:35,2,0,0,0,0
小羊优选,4247,《哪吒2》定档8月2日全网上线.你准备再重刷一遍吗？#哪吒2#国产动漫 #国漫 #哪吒之魔童闹海#电影,7559544919572942130,2025.10.10,10:07,2,0,1,0,0
小羊优选,4247,《哪吒2》定档8月2日全网上线.你准备再重刷一遍吗？#哪吒2#国产动漫 #国漫 #哪吒之魔童闹海#电影,7559592335866350886,2025.10.10,10:21,1,0,2,0,0
大侠,238,#哪吒2出海算得上成功吗,7559296559873461563,2025.10.10,00:00,38,0,3,3,0
旺嘉好物百货,4212,《哪吒2》定档8月2日全网上线.你准备再重刷一遍吗？#哪吒2#国产动漫 #国漫 #哪吒之魔童闹海#电影,7559359300973546762,2025.10.10,10:21,3,0,0,0,0
辉卓优选,2193,《哪吒2》定档8月2日全网上线.你准备再重刷一遍吗？#哪吒2#国产动漫 #国漫 #哪吒之魔童闹海#电影,7559435625298414863,2025.10.10,10:06,1,0,0,0,0
ᥫᦱᐝ柿柿🌻如意ཀོ࿐,3138,《哪吒2》定档8月2日全网上线.你准备再重刷一遍吗？#哪吒2#国产动漫 #国漫 #哪吒之魔童闹海#电影,7559255627874372921,2025.10.10,10:07,1,0,0,0,0
小墨影视基地,42048,日语版哪吒2：魔童闹海。这配音听上去居然毫无违和感。 #创作者扶持计划 #强烈推荐 #精彩片段 #国产动画 ,7558926799431716135,2025.10.11,01:26,4,0,2,0,0
暖丰😊优选,10551,《哪吒2》定档8月2日全网上线.你准备再重刷一遍吗？#哪吒2#国产动漫 #国漫 #哪吒之魔童闹海#电影,7559447940743630115,2025.10.10,10:16,2,2,0,0,0
萌哒精选,9222,《哪吒2》定档8月2日全网上线.你准备再重刷一遍吗？#哪吒2#国产动漫 #国漫 #哪吒之魔童闹海#电影,7559501329497672994,2025.10.10,10:10,3,0,0,0,0
暖丰😊优选,10551,《哪吒2》定档8月2日全网上线.你准备再重刷一遍吗？#哪吒2#国产动漫 #国漫 #哪吒之魔童闹海#电影,7559259392714902799,2025.10.10,10:28,2,0,0,0,0
暖丰😊优选,10551,《哪吒2》定档8月2日全网上线.你准备再重刷一遍吗？#哪吒2#国产动漫 #国漫 #哪吒之魔童闹海#电影,7559464249640193295,2025.10.10,10:57,2,0,0,0,0
暖丰😊优选,10551,《哪吒2》定档8月2日全网上线.你准备再重刷一遍吗？#哪吒2#国产动漫 #国漫 #哪吒之魔童闹海#电影,7559533965709020468,2025.10.10,10:49,2,0,0,0,0
小羊优选,4247,《哪吒2》定档8月2日全网上线.你准备再重刷一遍吗？#哪吒2#国产动漫 #国漫 #哪吒之魔童闹海#电影,7559412035801664806,2025.10.10,10:04,5,0,0,0,0
旺旺心选,4313,《哪吒2》定档8月2日全网上线.你准备再重刷一遍吗？#哪吒2#国产动漫 #国漫 #哪吒之魔童闹海#电影,7559606747314605339,2025.10.10,10:08,1,0,0,0,0
郁_,4,"何意味。长这么萌何意味！
#罗小黑战记  #罗小黑战记2 #哪吒 #罗吒",7559549267917540668,2025.10.10,00:00,6,2,0,0,0
Tattoof,32,就算是我错了 那又怎样#ootd穿搭 #帥 #潮男 #TA的生活就是秀场 #哪吒2感人催泪视频,7559981589942406452,2025.10.11,00:00,8,0,11,0,0
暖丰😊优选,10551,《哪吒2》定档8月2日全网上线.你准备再重刷一遍吗？#哪吒2#国产动漫 #国漫 #哪吒之魔童闹海#电影,7559449298980179252,2025.10.10,10:52,13,0,0,1,0
ᥫᦱᐝ柿柿🌻如意ཀོ࿐,3138,《哪吒2》定档8月2日全网上线.你准备再重刷一遍吗？#哪吒2#国产动漫 #国漫 #哪吒之魔童闹海#电影,7559254498726104378,2025.10.10,10:01,3,0,0,1,0
ᥫᦱᐝ柿柿🌻如意ཀོ࿐,3138,《哪吒2》定档8月2日全网上线.你准备再重刷一遍吗？#哪吒2#国产动漫 #国漫 #哪吒之魔童闹海#电影,7559439427203714363,2025.10.10,10:08,3,0,0,0,0
祥和鸟家居,12201,《哪吒2》定档8月2日全网上线.你准备再重刷一遍吗？#哪吒2#国产动漫 #国漫 #哪吒之魔童闹海#电影,7559947355421035833,2025.10.11,10:24,0,0,0,0,0
祥和鸟家居,12201,《哪吒2》定档8月2日全网上线.你准备再重刷一遍吗？#哪吒2#国产动漫 #国漫 #哪吒之魔童闹海#电影,7559641653830946108,2025.10.11,10:09,2,0,0,0,0
っ ̯ -｡,831,α 这是阿尔法， β 这是贝塔， γ 这是伽玛，δ 这是德尔塔， ε 这是我亲宝宝的嘴   #哪吒三预告片 #蚊子视角 #热门短剧新番 #哪吒2票房破百亿 #二次元大结局,7559062419226545462,2025.10.09,00:00,30,0,7,5,0
阿生,10,哪吒之魔童闹海。#哪吒之魔童闹海2 #哪吒敖丙 #哪吒之魔童降世 #追剧 #电影,7559129727329602874,2025.10.09,00:00,19,9,1,0,0
瑶尾巴੭ﾞ,1146,嗯#哪吒2在新加坡全面上映,7559137279701208355,2025.10.09,00:00,89,0,9,1,0
旺旺心选,4313,《哪吒2》定档8月2日全网上线.你准备再重刷一遍吗？#哪吒2#国产动漫 #国漫 #哪吒之魔童闹海#电影,7559548906302393610,2025.10.10,10:12,1,1,0,0,0
旺嘉好物百货,4212,《哪吒2》定档8月2日全网上线.你准备再重刷一遍吗？#哪吒2#国产动漫 #国漫 #哪吒之魔童闹海#电影,7559360204468456754,2025.10.10,11:40,3,1,0,0,0
旺嘉好物百货,4212,《哪吒2》定档8月2日全网上线.你准备再重刷一遍吗？#哪吒2#国产动漫 #国漫 #哪吒之魔童闹海#电影,7559360204468456754,2025.10.10,11:40,3,1,0,0,0
旺旺心选,4313,《哪吒2》定档8月2日全网上线.你准备再重刷一遍吗？#哪吒2#国产动漫 #国漫 #哪吒之魔童闹海#电影,7559548906302393610,2025.10.10,10:12,1,1,0,0,0
ᥫᦱᐝ柿柿🌻如意ཀོ࿐,3138,《哪吒2》定档8月2日全网上线.你准备再重刷一遍吗？#哪吒2#国产动漫 #国漫 #哪吒之魔童闹海#电影,7559418709505477947,2025.10.10,10:22,1,0,0,0,0
浠儿姐姐,3148,《哪吒2》定档8月2日全网上线.你准备再重刷一遍吗？#哪吒2#国产动漫 #国漫 #哪吒之魔童闹海#电影,7559593441173933348,2025.10.10,04:51,0,0,0,0,0
旺妞美品～～,3102,《哪吒2》定档8月2日全网上线.你准备再重刷一遍吗？#哪吒2#国产动漫 #国漫 #哪吒之魔童闹海#电影,7559348909395742004,2025.10.10,10:11,2,0,0,0,0
旺嘉好物百货,4212,《哪吒2》定档8月2日全网上线.你准备再重刷一遍吗？#哪吒2#国产动漫 #国漫 #哪吒之魔童闹海#电影,7559438155973643566,2025.10.10,10:31,7,0,0,0,0
万叶衣橱,4751,《哪吒2》定档8月2日全网上线.你准备再重刷一遍吗？#哪吒2#国产动漫 #国漫 #哪吒之魔童闹海#电影,7559289075925519625,2025.10.10,11:03,4,0,0,1,0
用户8568455829,419,#儿童#动漫#动画#电影#哪吒2,7559937029107584313,2025.10.11,00:05,1,0,0,0,0
千鸟制作道具工作室,42,哪吒2 东海龙王敖光,7559877643425762617,2025.10.11,00:00,0,0,0,0,0
企鹅大帝,54,#哪吒2制作花絮 #滤镜,7559973170448420147,2025.10.11,00:00,4,0,4,0,0
giant,157,真有意思#哪吒2#灵珠魔丸,7559909427475991868,2025.10.11,00:27,21,1,4,0,0
千鸟制作道具工作室,42,哪吒2 东海龙王敖光,7559877643425762617,2025.10.11,00:00,0,0,0,0,0
长园外,17944,#哪吒2#古装,7559754485381647651,2025.10.11,00:18,86,54,29,4,0
孔姐,393,#哪吒 #哪吒2,7559867871112596762,2025.10.11,00:16,463,287,91,18,0
万叶衣橱,4751,《哪吒2》定档8月2日全网上线.你准备再重刷一遍吗？#哪吒2#国产动漫 #国漫 #哪吒之魔童闹海#电影,7559288545674054921,2025.10.10,11:56,0,0,0,0,0
万叶衣橱,4751,《哪吒2》定档8月2日全网上线.你准备再重刷一遍吗？#哪吒2#国产动漫 #国漫 #哪吒之魔童闹海#电影,7559419166861085978,2025.10.10,11:56,1,1,0,0,0
旺旺心选,4313,《哪吒2》定档8月2日全网上线.你准备再重刷一遍吗？#哪吒2#国产动漫 #国漫 #哪吒之魔童闹海#电影,7559440973311823150,2025.10.10,10:06,1,0,0,0,0
Minssf,133,#哪吒2百科,7559222726255775002,2025.10.09,00:00,23,0,5,0,0
肉串,43,哪吒2预告番外，中文好容易卡壳，说话的都是我#哪吒之魔童闹海 #哪吒2 #预告 #番外 #配音,7559429586557226294,2025.10.10,03:02,6,1,14,0,0
箐-,12,你那软绵绵的照片就别配硬曲了。#时尚穿搭时尚穿搭时尚 #哪吒2感人催泪视频 #shadowl #猎枭#幽影,7559915128935451923,2025.10.11,00:00,21,0,0,7,0
星空凛的拉面,221,对。#哪吒2票房 #鬓角胡子是怎么长出来的 #回忆杀 #种植小技巧  #宅男,7559981409441385780,2025.10.11,00:00,6,0,2,0,0
think of,37,#哪吒2票房已超过140亿,7559212158992207163,2025.10.09,00:00,6,0,0,0,0
箐-,12,你那软绵绵的照片就别配硬曲了。#时尚穿搭时尚穿搭时尚 #哪吒2感人催泪视频 #shadowl #猎枭#幽影,7559915128935451923,2025.10.11,00:00,21,0,0,7,0
暖丰😊优选,10551,《哪吒2》定档8月2日全网上线.你准备再重刷一遍吗？#哪吒2#国产动漫 #国漫 #哪吒之魔童闹海#电影,7559256840035601698,2025.10.10,10:29,9,2,0,0,0
71an（见过李荣浩版,345,瞳孔与心跳的距离 在与你对视的时候清零#迪迦奥特曼催泪片段 #九亿少女的梦 #敖丙哪吒2,7559812649359052089,2025.10.11,00:00,86,0,9,0,0
小羊优选,4247,《哪吒2》定档8月2日全网上线.你准备再重刷一遍吗？#哪吒2#国产动漫 #国漫 #哪吒之魔童闹海#电影,7559242548667075850,2025.10.09,10:06,3,0,0,0,0
我不要吃萝卜丁,2371,又在说这种谁离不开谁的话了 其实大家决定分开的时候脚步都很轻盈#水瓶 #哪吒2美国热映观众评价太棒了,7559628718948977978,2025.10.11,00:00,131,1,5,1,0
布丁,68,#二次元#角色扮演#上热门#哪吒敖丙#新人抖音创业涨粉,7559844509987753235,2025.10.11,02:34,4,5,1,0,0
布丁,68,#二次元#角色扮演#上热门#哪吒敖丙#新人抖音创业涨粉,7559843689560853779,2025.10.11,02:34,4,9,0,0,0
壹間·优选,2611,《哪吒2》定档8月2日全网上线.你准备再重刷一遍吗？#哪吒2#国产动漫 #国漫 #哪吒之魔童闹海#电影,7559337477393304858,2025.10.10,10:09,3,0,1,0,0
旺妞美品～～,3102,《哪吒2》定档8月2日全网上线.你准备再重刷一遍吗？#哪吒2#国产动漫 #国漫 #哪吒之魔童闹海#电影,7559452501814168866,2025.10.10,10:28,4,0,0,0,0
旺妞美品～～,3102,《哪吒2》定档8月2日全网上线.你准备再重刷一遍吗？#哪吒2#国产动漫 #国漫 #哪吒之魔童闹海#电影,7559462763354852642,2025.10.10,10:42,3,0,0,0,0
邑姜还是子娴,2195,#哪吒 #哪吒闹海 #哪吒重生 #哪吒三太子 #哪吒2之魔童闹海,7559923103829396736,2025.10.11,04:41,35,6,48,0,0
iron海濑,43232,一只秋日小丙下工给大家打招呼中🍂。好久没画小丙了#敖丙 #哪吒2 #同人图,7559939445942144297,2025.10.11,00:00,283,16,6,17,0
.無末,3096,520倍看#哪吒2 #国漫,7549791357377334538,2025.09.14,00:23,138320,15708,5781,69404,1228
布丁,68,#二次元#角色扮演#上热门#哪吒敖丙#新人抖音创业涨粉,7559843552314854692,2025.10.11,02:34,6,6,1,0,0
软宝.,159931,谁给朱播来个跑车👾👾#哪吒2美国热映观众评价太棒了 #哪吒闹海 #男变女,7559617997452725562,2025.10.10,00:12,586,54,12,11,0
暖丰😊优选,10551,《哪吒2》定档8月2日全网上线.你准备再重刷一遍吗？#哪吒2#国产动漫 #国漫 #哪吒之魔童闹海#电影,7559516982565047610,2025.10.10,10:24,14,3,1,1,0
鼠鼠在跑刀,131,#哪吒2票房全球第七 #三角洲行动 #TA的生活就是秀场 #哪吒 #c 为了点💰，脸都不要了,7559354387136498985,2025.10.10,00:00,3,0,4,0,0
二二拆卡·,2109,灵验3图鉴来喽！！出乎意料的大藕黑金！#哪吒 #灵验3 #拆卡,7559926101025623348,2025.10.11,00:00,7,1,1,0,0
rokei,124,"那片海域.#釜山 #fyp #哪吒2观影人次破3亿 #海 #angel 
@DOU+小助手",7559914867592924475,2025.10.11,00:00,38,0,8,0,0
聚鑫穿搭优选,20300,《哪吒2》定档8月2日全网上线.你准备再重刷一遍吗？#哪吒2#国产动漫 #国漫 #哪吒之魔童闹海#电影,7559349759854497058,2025.10.10,01:57,2,1,0,0,0
聚鑫穿搭优选,20300,《哪吒2》定档8月2日全网上线.你准备再重刷一遍吗？#哪吒2#国产动漫 #国漫 #哪吒之魔童闹海#电影,7559490844106575138,2025.10.10,01:57,3,0,0,1,0
聚鑫穿搭优选,20300,《哪吒2》定档8月2日全网上线.你准备再重刷一遍吗？#哪吒2#国产动漫 #国漫 #哪吒之魔童闹海#电影,7559594748097416463,2025.10.10,01:57,3,0,0,0,0
粉红豹,22,#哪吒 #哪吒2 #哪吒之魔童降世,7559562988983471395,2025.10.11,00:18,24,19,2,0,0
Naran爱,123,考试的时候遇见了我们的老朋友😢#封神第一部 #封神第二部 #电影 #高中 #考试,7559934451636374834,2025.10.11,00:00,3,0,0,0,0
听风说恋爱,187,‧˖⁺ 𓋼 ˵^•𖥦•^˵ 𓈒꙳⋆#迪迦奥特曼催泪片段 #敖丙哪吒2 #富樫勇太 #哈尔的移动城堡纯爱启蒙片 #不死鸟马尔科,7559810861942983936,2025.10.11,00:00,46,0,3,0,0
栗子树下,597,#哪吒敖丙 #小哪吒 #哪吒之魔童降世 #哪吒重生 #哪吒2,7559474363554467130,2025.10.10,02:08,49,32,8,0,0
果熊·小七拆卡,1227,灵焰三来咯#哪吒 #灵焰三 #卡游哪吒 #哪吒灵焰3,7559805448040926474,2025.10.11,00:00,0,0,1,1,0
旺妞美品～～,3102,《哪吒2》定档8月2日全网上线.你准备再重刷一遍吗？#哪吒2#国产动漫 #国漫 #哪吒之魔童闹海#电影,7559170137091198265,2025.10.09,10:17,9,0,0,0,0
萌哒精选,9222,《哪吒2》定档8月2日全网上线.你准备再重刷一遍吗？#哪吒2#国产动漫 #国漫 #哪吒之魔童闹海#电影,7559531448375463203,2025.10.10,10:15,3,1,0,0,0
萌哒精选,9222,《哪吒2》定档8月2日全网上线.你准备再重刷一遍吗？#哪吒2#国产动漫 #国漫 #哪吒之魔童闹海#电影,7559454115287141647,2025.10.10,10:43,1,0,0,0,0
暖丰😊优选,10551,《哪吒2》定档8月2日全网上线.你准备再重刷一遍吗？#哪吒2#国产动漫 #国漫 #哪吒之魔童闹海#电影,7559425657295719680,2025.10.10,10:18,3,0,0,0,0
暖丰😊优选,10551,《哪吒2》定档8月2日全网上线.你准备再重刷一遍吗？#哪吒2#国产动漫 #国漫 #哪吒之魔童闹海#电影,7559346220780129588,2025.10.10,10:15,5,2,0,1,0
茉莉奶绿,380,真的是三观很正的小龙啊#敖丙#哪吒2#片段,7559945226057256232,2025.10.11,00:18,81,7,3,2,0
旺旺心选,4313,《哪吒2》定档8月2日全网上线.你准备再重刷一遍吗？#哪吒2#国产动漫 #国漫 #哪吒之魔童闹海#电影,7559505203612863794,2025.10.10,10:06,2,0,0,0,0
万叶衣橱,4751,《哪吒2》定档8月2日全网上线.你准备再重刷一遍吗？#哪吒2#国产动漫 #国漫 #哪吒之魔童闹海#电影,7559418480069577994,2025.10.10,10:15,0,0,0,0,0
萌哒精选,9222,《哪吒2》定档8月2日全网上线.你准备再重刷一遍吗？#哪吒2#国产动漫 #国漫 #哪吒之魔童闹海#电影,7559351371179822388,2025.10.10,10:51,10,2,0,0,0
旺妞美品～～,3102,《哪吒2》定档8月2日全网上线.你准备再重刷一遍吗？#哪吒2#国产动漫 #国漫 #哪吒之魔童闹海#电影,7559461875910970659,2025.10.10,10:50,2,0,0,0,0
小财月优选,3412,《哪吒2》定档8月2日全网上线.你准备再重刷一遍吗？#哪吒2#国产动漫 #国漫 #哪吒之魔童闹海#电影,7559353032178961716,2025.10.10,01:57,6,0,0,5,0
Goya,108,看了哪吒2才知道大圣的含金量还在上升#大圣归来 #哪吒2 #超燃混剪,7559711027252874556,2025.10.11,00:11,11,0,0,0,0
暖丰😊优选,10551,《哪吒2》定档8月2日全网上线.你准备再重刷一遍吗？#哪吒2#国产动漫 #国漫 #哪吒之魔童闹海#电影,7559450160381005090,2025.10.10,10:25,9,0,0,0,0
ᥫᦱᐝ柿柿🌻如意ཀོ࿐,3138,《哪吒2》定档8月2日全网上线.你准备再重刷一遍吗？#哪吒2#国产动漫 #国漫 #哪吒之魔童闹海#电影,7559253368130129209,2025.10.10,10:21,2,0,0,0,0
与风说心事~~~短剧,1779,#哪吒之魔童降世 #哪吒2,7559848203689119016,2025.10.11,00:17,4,2,0,0,0
无敌大王,707,想我了就给我打电话 不用怕吵到我 我开了静音和免打扰#方便面番茄做法 #老凤祥黄金 #敖丙哪吒2 #迪迦奥特曼催泪片段 #眼睛大小不一样怎么改善,7559817744025554217,2025.10.11,00:00,102,2,9,0,0
聰聰家精选,6686,《哪吒2》定档8月2日全网上线.你准备再重刷一遍吗？#哪吒2#国产动漫 #国漫 #哪吒之魔童闹海#电影,7559164356929703227,2025.10.09,10:41,3,0,0,0,0
饿了吃点苦,85,#古人真正穿的衣服 #哪吒2魔童闹海解说 #锁屏壁纸,7559973369275632937,2025.10.11,00:00,28,0,2,2,0
人潮涌动的大街上只有你一个人,42,"我只是活着玩玩而已 我什么都没当真 
#刚出生 #哪吒第2部魔童闹海 #鼻孔",7559984327225298233,2025.10.11,00:00,5,0,0,0,0
深渊采蘑菇,232,有兴趣做个交易吗 大哥。#哪吒2 #敖闰 #敖光 #私设 #cb,7559956732441529619,2025.10.11,00:00,41,0,6,1,0
屁可,26,#lifestylevision #红烧沙丁鱼做法 #哪吒2感人催泪视频 #农村房屋改造 #王者归来,7559935546765790505,2025.10.11,00:00,9,0,4,1,0
ᥫᩣ 拉拉雨•RaraRain,1825,《哪吒2》定档8月2日全网上线.你准备再重刷一遍吗？#哪吒2#国产动漫 #国漫 #哪吒之魔童闹海#电影,7559255449384619316,2025.10.10,10:56,4,1,1,0,0
ᥫᩣ 拉拉雨•RaraRain,1825,《哪吒2》定档8月2日全网上线.你准备再重刷一遍吗？#哪吒2#国产动漫 #国漫 #哪吒之魔童闹海#电影,7559254270891330851,2025.10.10,10:00,3,0,1,1,0
浠儿姐姐,3148,《哪吒2》定档8月2日全网上线.你准备再重刷一遍吗？#哪吒2#国产动漫 #国漫 #哪吒之魔童闹海#电影,7559511898597936444,2025.10.10,04:57,0,0,0,0,0
🇨🇳哪吒2,226,#日常分享 我母女的位置和家在哪里？,7559954387943050554,2025.10.11,00:00,0,0,0,0,0
？only珍,2568,哪吒2不是下映了吗 #龚琳 #塞壬 #tay璇儿 #斯外戈,7559713978658622783,2025.10.11,01:51,297,9,7,10,0
1234567,7776,谁才是跳水冠军 #二次元的种打开方式 #动画 #哪吒 #敖丙 #跳水 #冠军 #二次元 #打开方式 #动画,7559841223964364078,2025.10.11,01:14,4,3,1,0,0
徐工@车先生二手车,18626,3个多的哪吒倍儿香 22年哪吒V，7.5万公里，400公里续航，新车8万多，现只需3个多！#二手电车 #南通二手车 #二手哪吒,7559480055932521766,2025.10.11,00:44,2,0,2,0,0
祥和鸟家居,12201,《哪吒2》定档8月2日全网上线.你准备再重刷一遍吗？#哪吒2#国产动漫 #国漫 #哪吒之魔童闹海#电影,7559401061758307644,2025.10.10,10:15,0,0,0,0,0
金银角拆卡,303,哪吒灵焰三来呐。#哪吒 #灵焰三,7559572278485732635,2025.10.11,00:00,3,1,0,0,0
祥和鸟家居,12201,《哪吒2》定档8月2日全网上线.你准备再重刷一遍吗？#哪吒2#国产动漫 #国漫 #哪吒之魔童闹海#电影,7559259898929876284,2025.10.10,10:04,1,0,0,0,0
南宁骏驰新能源-小吴,1036,2个小带走400续航哪吒V.手慢无手慢无！哪吒汽车 哪吒V 2021款 长续航行业定制版！五门五座400续航带快慢充！21年的车，2个小带走#哪吒#哪吒V#新能源 #南宁#新能源二手车 #新能源二手车 #强烈推荐,7559818597234167078,2025.10.11,00:00,4,2,3,1,0
聰聰家精选,6686,《哪吒2》定档8月2日全网上线.你准备再重刷一遍吗？#哪吒2#国产动漫 #国漫 #哪吒之魔童闹海#电影,7559344444232944896,2025.10.10,10:25,3,0,0,0,0
铁铁拆卡,0,#卡游#哪吒 #哪吒魔童闹海 #哪吒之魔童降世#哪吒卡牌,7559916251990101290,2025.10.11,00:00,0,0,1,0,0
第24帧,17,“小爷是魔，那又如何？” #了不起的混剪团 #青年创作者成长计划 #踩点技术流 #哪吒2 #抖音精选,7559884543704993075,2025.10.11,00:25,62,7,11,9,0
聰聰家精选,6686,《哪吒2》定档8月2日全网上线.你准备再重刷一遍吗？#哪吒2#国产动漫 #国漫 #哪吒之魔童闹海#电影,7559412049916415267,2025.10.10,10:21,4,0,0,0,0
祥和鸟家居,12201,《哪吒2》定档8月2日全网上线.你准备再重刷一遍吗？#哪吒2#国产动漫 #国漫 #哪吒之魔童闹海#电影,7559257271046655289,2025.10.10,10:18,0,0,0,0,0
既往不咎,188,隐士逆位说明你的孤独让你失去自我思考的能力#哪吒2美国热映观众评价太棒了,7559627932424785202,2025.10.11,00:36,22,1,7,0,0
逢春幾篇.⁺✞ʚ齐徊重度依赖版ɞ✟₊,2911,只一眼爱变成一种天赋 #藕饼 #哪吒 #敖丙 #哪吒2 #天赋,7559970578925735227,2025.10.11,00:41,8,1,2,0,0
旺嘉好物百货,4212,《哪吒2》定档8月2日全网上线.你准备再重刷一遍吗？#哪吒2#国产动漫 #国漫 #哪吒之魔童闹海#电影,7559234496143985946,2025.10.09,14:59,4,0,0,0,0
用户404,332,不喜欢哪吒2有错吗 #户晨风,7559638628738043176,2025.10.11,03:59,1,0,0,0,0
万叶衣橱,4751,《哪吒2》定档8月2日全网上线.你准备再重刷一遍吗？#哪吒2#国产动漫 #国漫 #哪吒之魔童闹海#电影,7559289565795142939,2025.10.10,11:44,0,0,0,0,0
AbnormaIity,1819,玩儿弄感情是一件很厉害的事吗我才不要跟你一样烂 再痛我也要做好自己#哪吒2测评 #日系,7559543560128728363,2025.10.10,00:00,1085,36,36,9,0
SLIIVA,260,如果什么都是淡淡的就好了 不开心是淡淡的 痛苦是淡淡的 哪怕幸福也好一直淡淡的 就是石子打到水里 内心只有平静 就不会痛苦#冷萌脸 #哪吒第2部魔童闹海,7559928332952603962,2025.10.11,00:00,27,0,0,0,0
祥和鸟家居,12201,《哪吒2》定档8月2日全网上线.你准备再重刷一遍吗？#哪吒2#国产动漫 #国漫 #哪吒之魔童闹海#电影,7559402053668293946,2025.10.10,10:19,0,0,0,0,0
聰聰家精选,6686,《哪吒2》定档8月2日全网上线.你准备再重刷一遍吗？#哪吒2#国产动漫 #国漫 #哪吒之魔童闹海#电影,7559438848112692495,2025.10.10,10:40,2,0,0,0,0
陈元知,82,#哪吒2 #哪吒闹海 #哪吒2百科 #哪吒2解析 #回家的诱惑,7559192514332232970,2025.10.09,00:00,17,3,16,13,0
小虞爱拆卡,1459,听说灵焰三又要来了？#哪吒 #拆卡,7559912572000390436,2025.10.11,00:00,0,0,2,0,0
林承泽-纵论古今,122915,锐评哪吒2剧情槽点漏洞 #哪吒2,7549564350023126330,2025.09.13,17:36,195795,19101,18251,61005,0
ᥫᦱᐝ柿柿🌻如意ཀོ࿐,3138,《哪吒2》定档8月2日全网上线.你准备再重刷一遍吗？#哪吒2#国产动漫 #国漫 #哪吒之魔童闹海#电影,7559128295075204411,2025.10.09,10:19,2,0,0,0,0
幸有能,74,姑娘真是妙哉，从未见过如此之人，心生向往。姑娘可愿为我妻子也？#哪吒2美国热映观众评价太棒了 #萌妹子 #美人 #宿命感 #汉服,7559621051069041947,2025.10.10,00:00,36,0,10,0,0
爆爆酱,373,超燃哪吒 我命由我不由天#哪吒2 #哪吒,7559775475195923712,2025.10.11,00:12,35,0,4,0,0
兔兔拆卡,25901,两个点球被你们兄妹承包啦 #拆卡 #哪吒 #敖丙 #卡游 #动漫,7559510532592651558,2025.10.11,02:27,4,1,0,1,0
暖丰😊优选,10551,《哪吒2》定档8月2日全网上线.你准备再重刷一遍吗？#哪吒2#国产动漫 #国漫 #哪吒之魔童闹海#电影,7559207010127891772,2025.10.09,10:13,1,1,0,0,0
小羊优选,4247,《哪吒2》定档8月2日全网上线.你准备再重刷一遍吗？#哪吒2#国产动漫 #国漫 #哪吒之魔童闹海#电影,7559239628291001626,2025.10.09,10:04,3,0,0,0,0
长园外,17944,#哪吒2#你想成为谁#关注的,7559617235783109940,2025.10.10,00:18,15,9,7,0,0
༄ᐝ半糖💖⃟⸜微甜໊ഒᩚ࿐,569,太乙真人：so，那我走? #哪吒2  #哪吒之魔童闹海,7559649891346877731,2025.10.11,00:29,1,0,0,0,0
爆爆酱,373,超燃哪吒 我命由我不由天#哪吒2 #哪吒#哪吒之魔童降世,7559882615973547279,2025.10.11,00:12,0,0,0,0,0
旺嘉好物百货,4212,《哪吒2》定档8月2日全网上线.你准备再重刷一遍吗？#哪吒2#国产动漫 #国漫 #哪吒之魔童闹海#电影,7559232774315035931,2025.10.09,12:28,0,0,0,0,0
大众剧场,35,可爱敖丙宝宝#敖丙 哪吒2#儿童动画 #玩,7559009062302518564,2025.10.10,02:20,1,0,0,0,0
聚鑫穿搭优选,20300,《哪吒2》定档8月2日全网上线.你准备再重刷一遍吗？#哪吒2#国产动漫 #国漫 #哪吒之魔童闹海#电影,7559043030033255680,2025.10.09,01:53,3,0,0,0,0
冬雪,123,#新人求关注点赞支持#上热门抖音小助手#动画#哪吒#国漫,7559844909600001334,2025.10.11,02:34,4,6,1,0,0
唤水剑🧊^,3892,根深蒂固赢麻了#哪吒2#男生宿舍,7559925846892809508,2025.10.11,00:26,114,8,8,16,0
祥和鸟家居,12201,《哪吒2》定档8月2日全网上线.你准备再重刷一遍吗？#哪吒2#国产动漫 #国漫 #哪吒之魔童闹海#电影,7559256439941270841,2025.10.10,10:23,0,1,0,0,0
༄ᐝ半糖💖⃟⸜微甜໊ഒᩚ࿐,569,飞天猪不语，只是一味的修改！ #哪吒2  #哪吒之魔童闹海,7559650107127106856,2025.10.11,00:59,2,0,0,0,0
旺嘉好物百货,4212,《哪吒2》定档8月2日全网上线.你准备再重刷一遍吗？#哪吒2#国产动漫 #国漫 #哪吒之魔童闹海#电影,7559233387962420531,2025.10.09,11:40,1,1,0,0,0
梵忆『动漫推荐』,29606,差点错过哪吒这个顶级人脉。话说罗小黑里面有多少哪吒呢#罗小黑战记2 #罗小黑 #哪吒,7559468856616504636,2025.10.10,00:26,1196,43,23,23,1
冬雪,123,#新人求关注点赞支持#上热门抖音小助手#动画#哪吒#国漫,7559844992580111635,2025.10.11,02:34,6,8,1,0,0
刚刚,13,#鬼步舞教程 #小学生手势舞蹈 #哪吒2舞蹈,7559507808464883007,2025.10.10,00:02,12,0,10,0,0
旺妞美品～～,3102,《哪吒2》定档8月2日全网上线.你准备再重刷一遍吗？#哪吒2#国产动漫 #国漫 #哪吒之魔童闹海#电影,7559091590562106676,2025.10.09,10:08,4,0,0,0,0
X-wiles,107,哪吒3之魔童在重高邪修#JK #猎奇 #白虎 #哪吒#校园@。。。？,7559917607407668538,2025.10.11,03:41,44,1,25,13,0
福福鹈,5278,"要不是有识别性我早换了。两个丸子一摘
“你谁啊”
#罗小黑战记2 #哪吒 #罗吒 #cos #cosplay",7559978336504909116,2025.10.11,00:00,21,1,1,0,0
宵夜不是夜宵,220,嗡嗡嗡，老演员还笑场吗#哪吒2,7559799069339487538,2025.10.11,00:07,8,1,3,0,0
敖丙拆卡,2824,哪吒灵验包第三弹即将上线！#哪吒 #哪吒之魔童降世 #哪吒拆卡 #哪吒卡牌 #哪吒之魔童闹海,7559914824516750649,2025.10.11,00:00,5,0,1,0,0
没人爱工具人（开发商）,6221,关于一些哪吒2的简介，如果有不同看法可以评论，不要争吵，拿评论据#哪吒 #哪吒2 #哪吒之魔童闹海,7544149063982746937,2025.08.30,05:41,552570,34691,56373,86274,0
纸箱子,15,这橘子怎么一半敖丙一半哪吒#哪吒2,7559340697029135626,2025.10.10,00:00,0,0,0,0,0
